Temperature,Sunlight_Intensity,Humidity,Panel_Orientation,Panel_Position,Current_Generated
23,400,40,30,0,2.1
32,1000,60,78.3681576113843, 12.789919390041618, 4.035334516776766
28,800,50,90,0,3.2
20,200,80,45,30,1.5
35,1200,30,15,0,4.8
27,500,35,75,60,2.8
18,300,70,0,45,1.2
29,900,45,120,0,3.5
25,600,55,45,90,2.5
34,1100,25,57.67613421412565, 16.053749672613, 4.29138899397608
